Date_ID,Date,Year,Month,Day,Quarter,Date_Week_Number,Day_Of_Week
DT00001,1/1/2017,2017,1,1,Q1,1,Sunday
DT00002,1/2/2017,2017,1,2,Q1,2,Monday
DT00003,1/3/2017,2017,1,3,Q1,2,Tuesday
DT00004,1/4/2017,2017,1,4,Q1,2,Wednesday
DT00005,1/5/2017,2017,1,5,Q1,2,Thursday
DT00006,1/6/2017,2017,1,6,Q1,2,Friday
DT00007,1/7/2017,2017,1,7,Q1,2,Saturday
DT00008,1/8/2017,2017,1,8,Q1,2,Sunday
DT00009,1/9/2017,2017,1,9,Q1,3,Monday
DT00010,1/10/2017,2017,1,10,Q1,3,Tuesday
DT00011,1/11/2017,2017,1,11,Q1,3,Wednesday
DT00012,1/12/2017,2017,1,12,Q1,3,Thursday
DT00013,1/13/2017,2017,1,13,Q1,3,Friday
DT00014,1/14/2017,2017,1,14,Q1,3,Saturday
DT00015,1/15/2017,2017,1,15,Q1,3,Sunday
DT00016,1/16/2017,2017,1,16,Q1,4,Monday
DT00017,1/17/2017,2017,1,17,Q1,4,Tuesday
DT00018,1/18/2017,2017,1,18,Q1,4,Wednesday
DT00019,1/19/2017,2017,1,19,Q1,4,Thursday
DT00020,1/20/2017,2017,1,20,Q1,4,Friday
DT00021,1/21/2017,2017,1,21,Q1,4,Saturday
DT00022,1/22/2017,2017,1,22,Q1,4,Sunday
DT00023,1/23/2017,2017,1,23,Q1,5,Monday
DT00024,1/24/2017,2017,1,24,Q1,5,Tuesday
DT00025,1/25/2017,2017,1,25,Q1,5,Wednesday
DT00026,1/26/2017,2017,1,26,Q1,5,Thursday
DT00027,1/27/2017,2017,1,27,Q1,5,Friday
DT00028,1/28/2017,2017,1,28,Q1,5,Saturday
DT00029,1/29/2017,2017,1,29,Q1,5,Sunday
DT00030,1/30/2017,2017,1,30,Q1,6,Monday
DT00031,1/31/2017,2017,1,31,Q1,6,Tuesday
DT00032,2/1/2017,2017,2,1,Q1,6,Wednesday
DT00033,2/2/2017,2017,2,2,Q1,6,Thursday
DT00034,2/3/2017,2017,2,3,Q1,6,Friday
DT00035,2/4/2017,2017,2,4,Q1,6,Saturday
DT00036,2/5/2017,2017,2,5,Q1,6,Sunday
DT00037,2/6/2017,2017,2,6,Q1,7,Monday
DT00038,2/7/2017,2017,2,7,Q1,7,Tuesday
DT00039,2/8/2017,2017,2,8,Q1,7,Wednesday
DT00040,2/9/2017,2017,2,9,Q1,7,Thursday
DT00041,2/10/2017,2017,2,10,Q1,7,Friday
DT00042,2/11/2017,2017,2,11,Q1,7,Saturday
DT00043,2/12/2017,2017,2,12,Q1,7,Sunday
DT00044,2/13/2017,2017,2,13,Q1,8,Monday
DT00045,2/14/2017,2017,2,14,Q1,8,Tuesday
DT00046,2/15/2017,2017,2,15,Q1,8,Wednesday
DT00047,2/16/2017,2017,2,16,Q1,8,Thursday
DT00048,2/17/2017,2017,2,17,Q1,8,Friday
DT00049,2/18/2017,2017,2,18,Q1,8,Saturday
DT00050,2/19/2017,2017,2,19,Q1,8,Sunday
DT00051,2/20/2017,2017,2,20,Q1,9,Monday
DT00052,2/21/2017,2017,2,21,Q1,9,Tuesday
DT00053,2/22/2017,2017,2,22,Q1,9,Wednesday
DT00054,2/23/2017,2017,2,23,Q1,9,Thursday
DT00055,2/24/2017,2017,2,24,Q1,9,Friday
DT00056,2/25/2017,2017,2,25,Q1,9,Saturday
DT00057,2/26/2017,2017,2,26,Q1,9,Sunday
DT00058,2/27/2017,2017,2,27,Q1,10,Monday
DT00059,2/28/2017,2017,2,28,Q1,10,Tuesday
DT00060,3/1/2017,2017,3,1,Q1,10,Wednesday
DT00061,3/2/2017,2017,3,2,Q1,10,Thursday
DT00062,3/3/2017,2017,3,3,Q1,10,Friday
DT00063,3/4/2017,2017,3,4,Q1,10,Saturday
DT00064,3/5/2017,2017,3,5,Q1,10,Sunday
DT00065,3/6/2017,2017,3,6,Q1,11,Monday
DT00066,3/7/2017,2017,3,7,Q1,11,Tuesday
DT00067,3/8/2017,2017,3,8,Q1,11,Wednesday
DT00068,3/9/2017,2017,3,9,Q1,11,Thursday
DT00069,3/10/2017,2017,3,10,Q1,11,Friday
DT00070,3/11/2017,2017,3,11,Q1,11,Saturday
DT00071,3/12/2017,2017,3,12,Q1,11,Sunday
DT00072,3/13/2017,2017,3,13,Q1,12,Monday
DT00073,3/14/2017,2017,3,14,Q1,12,Tuesday
DT00074,3/15/2017,2017,3,15,Q1,12,Wednesday
DT00075,3/16/2017,2017,3,16,Q1,12,Thursday
DT00076,3/17/2017,2017,3,17,Q1,12,Friday
DT00077,3/18/2017,2017,3,18,Q1,12,Saturday
DT00078,3/19/2017,2017,3,19,Q1,12,Sunday
DT00079,3/20/2017,2017,3,20,Q1,13,Monday
DT00080,3/21/2017,2017,3,21,Q1,13,Tuesday
DT00081,3/22/2017,2017,3,22,Q1,13,Wednesday
DT00082,3/23/2017,2017,3,23,Q1,13,Thursday
DT00083,3/24/2017,2017,3,24,Q1,13,Friday
DT00084,3/25/2017,2017,3,25,Q1,13,Saturday
DT00085,3/26/2017,2017,3,26,Q1,13,Sunday
DT00086,3/27/2017,2017,3,27,Q1,14,Monday
DT00087,3/28/2017,2017,3,28,Q1,14,Tuesday
DT00088,3/29/2017,2017,3,29,Q1,14,Wednesday
DT00089,3/30/2017,2017,3,30,Q1,14,Thursday
DT00090,3/31/2017,2017,3,31,Q1,14,Friday
DT00091,4/1/2017,2017,4,1,Q2,14,Saturday
DT00092,4/2/2017,2017,4,2,Q2,14,Sunday
DT00093,4/3/2017,2017,4,3,Q2,15,Monday
DT00094,4/4/2017,2017,4,4,Q2,15,Tuesday
DT00095,4/5/2017,2017,4,5,Q2,15,Wednesday
DT00096,4/6/2017,2017,4,6,Q2,15,Thursday
DT00097,4/7/2017,2017,4,7,Q2,15,Friday
DT00098,4/8/2017,2017,4,8,Q2,15,Saturday
DT00099,4/9/2017,2017,4,9,Q2,15,Sunday
DT00100,4/10/2017,2017,4,10,Q2,16,Monday
DT00101,4/11/2017,2017,4,11,Q2,16,Tuesday
DT00102,4/12/2017,2017,4,12,Q2,16,Wednesday
DT00103,4/13/2017,2017,4,13,Q2,16,Thursday
DT00104,4/14/2017,2017,4,14,Q2,16,Friday
DT00105,4/15/2017,2017,4,15,Q2,16,Saturday
DT00106,4/16/2017,2017,4,16,Q2,16,Sunday
DT00107,4/17/2017,2017,4,17,Q2,17,Monday
DT00108,4/18/2017,2017,4,18,Q2,17,Tuesday
DT00109,4/19/2017,2017,4,19,Q2,17,Wednesday
DT00110,4/20/2017,2017,4,20,Q2,17,Thursday
DT00111,4/21/2017,2017,4,21,Q2,17,Friday
DT00112,4/22/2017,2017,4,22,Q2,17,Saturday
DT00113,4/23/2017,2017,4,23,Q2,17,Sunday
DT00114,4/24/2017,2017,4,24,Q2,18,Monday
DT00115,4/25/2017,2017,4,25,Q2,18,Tuesday
DT00116,4/26/2017,2017,4,26,Q2,18,Wednesday
DT00117,4/27/2017,2017,4,27,Q2,18,Thursday
DT00118,4/28/2017,2017,4,28,Q2,18,Friday
DT00119,4/29/2017,2017,4,29,Q2,18,Saturday
DT00120,4/30/2017,2017,4,30,Q2,18,Sunday
DT00121,5/1/2017,2017,5,1,Q2,19,Monday
DT00122,5/2/2017,2017,5,2,Q2,19,Tuesday
DT00123,5/3/2017,2017,5,3,Q2,19,Wednesday
DT00124,5/4/2017,2017,5,4,Q2,19,Thursday
DT00125,5/5/2017,2017,5,5,Q2,19,Friday
DT00126,5/6/2017,2017,5,6,Q2,19,Saturday
DT00127,5/7/2017,2017,5,7,Q2,19,Sunday
DT00128,5/8/2017,2017,5,8,Q2,20,Monday
DT00129,5/9/2017,2017,5,9,Q2,20,Tuesday
DT00130,5/10/2017,2017,5,10,Q2,20,Wednesday
DT00131,5/11/2017,2017,5,11,Q2,20,Thursday
DT00132,5/12/2017,2017,5,12,Q2,20,Friday
DT00133,5/13/2017,2017,5,13,Q2,20,Saturday
DT00134,5/14/2017,2017,5,14,Q2,20,Sunday
DT00135,5/15/2017,2017,5,15,Q2,21,Monday
DT00136,5/16/2017,2017,5,16,Q2,21,Tuesday
DT00137,5/17/2017,2017,5,17,Q2,21,Wednesday
DT00138,5/18/2017,2017,5,18,Q2,21,Thursday
DT00139,5/19/2017,2017,5,19,Q2,21,Friday
DT00140,5/20/2017,2017,5,20,Q2,21,Saturday
DT00141,5/21/2017,2017,5,21,Q2,21,Sunday
DT00142,5/22/2017,2017,5,22,Q2,22,Monday
DT00143,5/23/2017,2017,5,23,Q2,22,Tuesday
DT00144,5/24/2017,2017,5,24,Q2,22,Wednesday
DT00145,5/25/2017,2017,5,25,Q2,22,Thursday
DT00146,5/26/2017,2017,5,26,Q2,22,Friday
DT00147,5/27/2017,2017,5,27,Q2,22,Saturday
DT00148,5/28/2017,2017,5,28,Q2,22,Sunday
DT00149,5/29/2017,2017,5,29,Q2,23,Monday
DT00150,5/30/2017,2017,5,30,Q2,23,Tuesday
DT00151,5/31/2017,2017,5,31,Q2,23,Wednesday
DT00152,6/1/2017,2017,6,1,Q2,23,Thursday
DT00153,6/2/2017,2017,6,2,Q2,23,Friday
DT00154,6/3/2017,2017,6,3,Q2,23,Saturday
DT00155,6/4/2017,2017,6,4,Q2,23,Sunday
DT00156,6/5/2017,2017,6,5,Q2,24,Monday
DT00157,6/6/2017,2017,6,6,Q2,24,Tuesday
DT00158,6/7/2017,2017,6,7,Q2,24,Wednesday
DT00159,6/8/2017,2017,6,8,Q2,24,Thursday
DT00160,6/9/2017,2017,6,9,Q2,24,Friday
DT00161,6/10/2017,2017,6,10,Q2,24,Saturday
DT00162,6/11/2017,2017,6,11,Q2,24,Sunday
DT00163,6/12/2017,2017,6,12,Q2,25,Monday
DT00164,6/13/2017,2017,6,13,Q2,25,Tuesday
DT00165,6/14/2017,2017,6,14,Q2,25,Wednesday
DT00166,6/15/2017,2017,6,15,Q2,25,Thursday
DT00167,6/16/2017,2017,6,16,Q2,25,Friday
DT00168,6/17/2017,2017,6,17,Q2,25,Saturday
DT00169,6/18/2017,2017,6,18,Q2,25,Sunday
DT00170,6/19/2017,2017,6,19,Q2,26,Monday
DT00171,6/20/2017,2017,6,20,Q2,26,Tuesday
DT00172,6/21/2017,2017,6,21,Q2,26,Wednesday
DT00173,6/22/2017,2017,6,22,Q2,26,Thursday
DT00174,6/23/2017,2017,6,23,Q2,26,Friday
DT00175,6/24/2017,2017,6,24,Q2,26,Saturday
DT00176,6/25/2017,2017,6,25,Q2,26,Sunday
DT00177,6/26/2017,2017,6,26,Q2,27,Monday
DT00178,6/27/2017,2017,6,27,Q2,27,Tuesday
DT00179,6/28/2017,2017,6,28,Q2,27,Wednesday
DT00180,6/29/2017,2017,6,29,Q2,27,Thursday
DT00181,6/30/2017,2017,6,30,Q2,27,Friday
DT00182,7/1/2017,2017,7,1,Q3,27,Saturday
DT00183,7/2/2017,2017,7,2,Q3,27,Sunday
DT00184,7/3/2017,2017,7,3,Q3,28,Monday
DT00185,7/4/2017,2017,7,4,Q3,28,Tuesday
DT00186,7/5/2017,2017,7,5,Q3,28,Wednesday
DT00187,7/6/2017,2017,7,6,Q3,28,Thursday
DT00188,7/7/2017,2017,7,7,Q3,28,Friday
DT00189,7/8/2017,2017,7,8,Q3,28,Saturday
DT00190,7/9/2017,2017,7,9,Q3,28,Sunday
DT00191,7/10/2017,2017,7,10,Q3,29,Monday
DT00192,7/11/2017,2017,7,11,Q3,29,Tuesday
DT00193,7/12/2017,2017,7,12,Q3,29,Wednesday
DT00194,7/13/2017,2017,7,13,Q3,29,Thursday
DT00195,7/14/2017,2017,7,14,Q3,29,Friday
DT00196,7/15/2017,2017,7,15,Q3,29,Saturday
DT00197,7/16/2017,2017,7,16,Q3,29,Sunday
DT00198,7/17/2017,2017,7,17,Q3,30,Monday
DT00199,7/18/2017,2017,7,18,Q3,30,Tuesday
DT00200,7/19/2017,2017,7,19,Q3,30,Wednesday
DT00201,7/20/2017,2017,7,20,Q3,30,Thursday
DT00202,7/21/2017,2017,7,21,Q3,30,Friday
DT00203,7/22/2017,2017,7,22,Q3,30,Saturday
DT00204,7/23/2017,2017,7,23,Q3,30,Sunday
DT00205,7/24/2017,2017,7,24,Q3,31,Monday
DT00206,7/25/2017,2017,7,25,Q3,31,Tuesday
DT00207,7/26/2017,2017,7,26,Q3,31,Wednesday
DT00208,7/27/2017,2017,7,27,Q3,31,Thursday
DT00209,7/28/2017,2017,7,28,Q3,31,Friday
DT00210,7/29/2017,2017,7,29,Q3,31,Saturday
DT00211,7/30/2017,2017,7,30,Q3,31,Sunday
DT00212,7/31/2017,2017,7,31,Q3,32,Monday
DT00213,8/1/2017,2017,8,1,Q3,32,Tuesday
DT00214,8/2/2017,2017,8,2,Q3,32,Wednesday
DT00215,8/3/2017,2017,8,3,Q3,32,Thursday
DT00216,8/4/2017,2017,8,4,Q3,32,Friday
DT00217,8/5/2017,2017,8,5,Q3,32,Saturday
DT00218,8/6/2017,2017,8,6,Q3,32,Sunday
DT00219,8/7/2017,2017,8,7,Q3,33,Monday
DT00220,8/8/2017,2017,8,8,Q3,33,Tuesday
DT00221,8/9/2017,2017,8,9,Q3,33,Wednesday
DT00222,8/10/2017,2017,8,10,Q3,33,Thursday
DT00223,8/11/2017,2017,8,11,Q3,33,Friday
DT00224,8/12/2017,2017,8,12,Q3,33,Saturday
DT00225,8/13/2017,2017,8,13,Q3,33,Sunday
DT00226,8/14/2017,2017,8,14,Q3,34,Monday
DT00227,8/15/2017,2017,8,15,Q3,34,Tuesday
DT00228,8/16/2017,2017,8,16,Q3,34,Wednesday
DT00229,8/17/2017,2017,8,17,Q3,34,Thursday
DT00230,8/18/2017,2017,8,18,Q3,34,Friday
DT00231,8/19/2017,2017,8,19,Q3,34,Saturday
DT00232,8/20/2017,2017,8,20,Q3,34,Sunday
DT00233,8/21/2017,2017,8,21,Q3,35,Monday
DT00234,8/22/2017,2017,8,22,Q3,35,Tuesday
DT00235,8/23/2017,2017,8,23,Q3,35,Wednesday
DT00236,8/24/2017,2017,8,24,Q3,35,Thursday
DT00237,8/25/2017,2017,8,25,Q3,35,Friday
DT00238,8/26/2017,2017,8,26,Q3,35,Saturday
DT00239,8/27/2017,2017,8,27,Q3,35,Sunday
DT00240,8/28/2017,2017,8,28,Q3,36,Monday
DT00241,8/29/2017,2017,8,29,Q3,36,Tuesday
DT00242,8/30/2017,2017,8,30,Q3,36,Wednesday
DT00243,8/31/2017,2017,8,31,Q3,36,Thursday
DT00244,9/1/2017,2017,9,1,Q3,36,Friday
DT00245,9/2/2017,2017,9,2,Q3,36,Saturday
DT00246,9/3/2017,2017,9,3,Q3,36,Sunday
DT00247,9/4/2017,2017,9,4,Q3,37,Monday
DT00248,9/5/2017,2017,9,5,Q3,37,Tuesday
DT00249,9/6/2017,2017,9,6,Q3,37,Wednesday
DT00250,9/7/2017,2017,9,7,Q3,37,Thursday
DT00251,9/8/2017,2017,9,8,Q3,37,Friday
DT00252,9/9/2017,2017,9,9,Q3,37,Saturday
DT00253,9/10/2017,2017,9,10,Q3,37,Sunday
DT00254,9/11/2017,2017,9,11,Q3,38,Monday
DT00255,9/12/2017,2017,9,12,Q3,38,Tuesday
DT00256,9/13/2017,2017,9,13,Q3,38,Wednesday
DT00257,9/14/2017,2017,9,14,Q3,38,Thursday
DT00258,9/15/2017,2017,9,15,Q3,38,Friday
DT00259,9/16/2017,2017,9,16,Q3,38,Saturday
DT00260,9/17/2017,2017,9,17,Q3,38,Sunday
DT00261,9/18/2017,2017,9,18,Q3,39,Monday
DT00262,9/19/2017,2017,9,19,Q3,39,Tuesday
DT00263,9/20/2017,2017,9,20,Q3,39,Wednesday
DT00264,9/21/2017,2017,9,21,Q3,39,Thursday
DT00265,9/22/2017,2017,9,22,Q3,39,Friday
DT00266,9/23/2017,2017,9,23,Q3,39,Saturday
DT00267,9/24/2017,2017,9,24,Q3,39,Sunday
DT00268,9/25/2017,2017,9,25,Q3,40,Monday
DT00269,9/26/2017,2017,9,26,Q3,40,Tuesday
DT00270,9/27/2017,2017,9,27,Q3,40,Wednesday
DT00271,9/28/2017,2017,9,28,Q3,40,Thursday
DT00272,9/29/2017,2017,9,29,Q3,40,Friday
DT00273,9/30/2017,2017,9,30,Q3,40,Saturday
DT00274,10/1/2017,2017,10,1,Q4,40,Sunday
DT00275,10/2/2017,2017,10,2,Q4,41,Monday
DT00276,10/3/2017,2017,10,3,Q4,41,Tuesday
DT00277,10/4/2017,2017,10,4,Q4,41,Wednesday
DT00278,10/5/2017,2017,10,5,Q4,41,Thursday
DT00279,10/6/2017,2017,10,6,Q4,41,Friday
DT00280,10/7/2017,2017,10,7,Q4,41,Saturday
DT00281,10/8/2017,2017,10,8,Q4,41,Sunday
DT00282,10/9/2017,2017,10,9,Q4,42,Monday
DT00283,10/10/2017,2017,10,10,Q4,42,Tuesday
DT00284,10/11/2017,2017,10,11,Q4,42,Wednesday
DT00285,10/12/2017,2017,10,12,Q4,42,Thursday
DT00286,10/13/2017,2017,10,13,Q4,42,Friday
DT00287,10/14/2017,2017,10,14,Q4,42,Saturday
DT00288,10/15/2017,2017,10,15,Q4,42,Sunday
DT00289,10/16/2017,2017,10,16,Q4,43,Monday
DT00290,10/17/2017,2017,10,17,Q4,43,Tuesday
DT00291,10/18/2017,2017,10,18,Q4,43,Wednesday
DT00292,10/19/2017,2017,10,19,Q4,43,Thursday
DT00293,10/20/2017,2017,10,20,Q4,43,Friday
DT00294,10/21/2017,2017,10,21,Q4,43,Saturday
DT00295,10/22/2017,2017,10,22,Q4,43,Sunday
DT00296,10/23/2017,2017,10,23,Q4,44,Monday
DT00297,10/24/2017,2017,10,24,Q4,44,Tuesday
DT00298,10/25/2017,2017,10,25,Q4,44,Wednesday
DT00299,10/26/2017,2017,10,26,Q4,44,Thursday
DT00300,10/27/2017,2017,10,27,Q4,44,Friday
DT00301,10/28/2017,2017,10,28,Q4,44,Saturday
DT00302,10/29/2017,2017,10,29,Q4,44,Sunday
DT00303,10/30/2017,2017,10,30,Q4,45,Monday
DT00304,10/31/2017,2017,10,31,Q4,45,Tuesday
DT00305,11/1/2017,2017,11,1,Q4,45,Wednesday
DT00306,11/2/2017,2017,11,2,Q4,45,Thursday
DT00307,11/3/2017,2017,11,3,Q4,45,Friday
DT00308,11/4/2017,2017,11,4,Q4,45,Saturday
DT00309,11/5/2017,2017,11,5,Q4,45,Sunday
DT00310,11/6/2017,2017,11,6,Q4,46,Monday
DT00311,11/7/2017,2017,11,7,Q4,46,Tuesday
DT00312,11/8/2017,2017,11,8,Q4,46,Wednesday
DT00313,11/9/2017,2017,11,9,Q4,46,Thursday
DT00314,11/10/2017,2017,11,10,Q4,46,Friday
DT00315,11/11/2017,2017,11,11,Q4,46,Saturday
DT00316,11/12/2017,2017,11,12,Q4,46,Sunday
DT00317,11/13/2017,2017,11,13,Q4,47,Monday
DT00318,11/14/2017,2017,11,14,Q4,47,Tuesday
DT00319,11/15/2017,2017,11,15,Q4,47,Wednesday
DT00320,11/16/2017,2017,11,16,Q4,47,Thursday
DT00321,11/17/2017,2017,11,17,Q4,47,Friday
DT00322,11/18/2017,2017,11,18,Q4,47,Saturday
DT00323,11/19/2017,2017,11,19,Q4,47,Sunday
DT00324,11/20/2017,2017,11,20,Q4,48,Monday
DT00325,11/21/2017,2017,11,21,Q4,48,Tuesday
DT00326,11/22/2017,2017,11,22,Q4,48,Wednesday
DT00327,11/23/2017,2017,11,23,Q4,48,Thursday
DT00328,11/24/2017,2017,11,24,Q4,48,Friday
DT00329,11/25/2017,2017,11,25,Q4,48,Saturday
DT00330,11/26/2017,2017,11,26,Q4,48,Sunday
DT00331,11/27/2017,2017,11,27,Q4,49,Monday
DT00332,11/28/2017,2017,11,28,Q4,49,Tuesday
DT00333,11/29/2017,2017,11,29,Q4,49,Wednesday
DT00334,11/30/2017,2017,11,30,Q4,49,Thursday
DT00335,12/1/2017,2017,12,1,Q4,49,Friday
DT00336,12/2/2017,2017,12,2,Q4,49,Saturday
DT00337,12/3/2017,2017,12,3,Q4,49,Sunday
DT00338,12/4/2017,2017,12,4,Q4,50,Monday
DT00339,12/5/2017,2017,12,5,Q4,50,Tuesday
DT00340,12/6/2017,2017,12,6,Q4,50,Wednesday
DT00341,12/7/2017,2017,12,7,Q4,50,Thursday
DT00342,12/8/2017,2017,12,8,Q4,50,Friday
DT00343,12/9/2017,2017,12,9,Q4,50,Saturday
DT00344,12/10/2017,2017,12,10,Q4,50,Sunday
DT00345,12/11/2017,2017,12,11,Q4,51,Monday
DT00346,12/12/2017,2017,12,12,Q4,51,Tuesday
DT00347,12/13/2017,2017,12,13,Q4,51,Wednesday
DT00348,12/14/2017,2017,12,14,Q4,51,Thursday
DT00349,12/15/2017,2017,12,15,Q4,51,Friday
DT00350,12/16/2017,2017,12,16,Q4,51,Saturday
DT00351,12/17/2017,2017,12,17,Q4,51,Sunday
DT00352,12/18/2017,2017,12,18,Q4,52,Monday
DT00353,12/19/2017,2017,12,19,Q4,52,Tuesday
DT00354,12/20/2017,2017,12,20,Q4,52,Wednesday
DT00355,12/21/2017,2017,12,21,Q4,52,Thursday
DT00356,12/22/2017,2017,12,22,Q4,52,Friday
DT00357,12/23/2017,2017,12,23,Q4,52,Saturday
DT00358,12/24/2017,2017,12,24,Q4,52,Sunday
DT00359,12/25/2017,2017,12,25,Q4,53,Monday
DT00360,12/26/2017,2017,12,26,Q4,53,Tuesday
DT00361,12/27/2017,2017,12,27,Q4,53,Wednesday
DT00362,12/28/2017,2017,12,28,Q4,53,Thursday
DT00363,12/29/2017,2017,12,29,Q4,53,Friday
DT00364,12/30/2017,2017,12,30,Q4,53,Saturday
DT00365,12/31/2017,2017,12,31,Q4,53,Sunday
DT00366,1/1/2018,2018,1,1,Q1,1,Monday
DT00367,1/2/2018,2018,1,2,Q1,1,Tuesday
DT00368,1/3/2018,2018,1,3,Q1,1,Wednesday
DT00369,1/4/2018,2018,1,4,Q1,1,Thursday
DT00370,1/5/2018,2018,1,5,Q1,1,Friday
DT00371,1/6/2018,2018,1,6,Q1,1,Saturday
DT00372,1/7/2018,2018,1,7,Q1,1,Sunday
DT00373,1/8/2018,2018,1,8,Q1,2,Monday
DT00374,1/9/2018,2018,1,9,Q1,2,Tuesday
DT00375,1/10/2018,2018,1,10,Q1,2,Wednesday
DT00376,1/11/2018,2018,1,11,Q1,2,Thursday
DT00377,1/12/2018,2018,1,12,Q1,2,Friday
DT00378,1/13/2018,2018,1,13,Q1,2,Saturday
DT00379,1/14/2018,2018,1,14,Q1,2,Sunday
DT00380,1/15/2018,2018,1,15,Q1,3,Monday
DT00381,1/16/2018,2018,1,16,Q1,3,Tuesday
DT00382,1/17/2018,2018,1,17,Q1,3,Wednesday
DT00383,1/18/2018,2018,1,18,Q1,3,Thursday
DT00384,1/19/2018,2018,1,19,Q1,3,Friday
DT00385,1/20/2018,2018,1,20,Q1,3,Saturday
DT00386,1/21/2018,2018,1,21,Q1,3,Sunday
DT00387,1/22/2018,2018,1,22,Q1,4,Monday
DT00388,1/23/2018,2018,1,23,Q1,4,Tuesday
DT00389,1/24/2018,2018,1,24,Q1,4,Wednesday
DT00390,1/25/2018,2018,1,25,Q1,4,Thursday
DT00391,1/26/2018,2018,1,26,Q1,4,Friday
DT00392,1/27/2018,2018,1,27,Q1,4,Saturday
DT00393,1/28/2018,2018,1,28,Q1,4,Sunday
DT00394,1/29/2018,2018,1,29,Q1,5,Monday
DT00395,1/30/2018,2018,1,30,Q1,5,Tuesday
DT00396,1/31/2018,2018,1,31,Q1,5,Wednesday
DT00397,2/1/2018,2018,2,1,Q1,5,Thursday
DT00398,2/2/2018,2018,2,2,Q1,5,Friday
DT00399,2/3/2018,2018,2,3,Q1,5,Saturday
DT00400,2/4/2018,2018,2,4,Q1,5,Sunday
DT00401,2/5/2018,2018,2,5,Q1,6,Monday
DT00402,2/6/2018,2018,2,6,Q1,6,Tuesday
DT00403,2/7/2018,2018,2,7,Q1,6,Wednesday
DT00404,2/8/2018,2018,2,8,Q1,6,Thursday
DT00405,2/9/2018,2018,2,9,Q1,6,Friday
DT00406,2/10/2018,2018,2,10,Q1,6,Saturday
DT00407,2/11/2018,2018,2,11,Q1,6,Sunday
DT00408,2/12/2018,2018,2,12,Q1,7,Monday
DT00409,2/13/2018,2018,2,13,Q1,7,Tuesday
DT00410,2/14/2018,2018,2,14,Q1,7,Wednesday
DT00411,2/15/2018,2018,2,15,Q1,7,Thursday
DT00412,2/16/2018,2018,2,16,Q1,7,Friday
DT00413,2/17/2018,2018,2,17,Q1,7,Saturday
DT00414,2/18/2018,2018,2,18,Q1,7,Sunday
DT00415,2/19/2018,2018,2,19,Q1,8,Monday
DT00416,2/20/2018,2018,2,20,Q1,8,Tuesday
DT00417,2/21/2018,2018,2,21,Q1,8,Wednesday
DT00418,2/22/2018,2018,2,22,Q1,8,Thursday
DT00419,2/23/2018,2018,2,23,Q1,8,Friday
DT00420,2/24/2018,2018,2,24,Q1,8,Saturday
DT00421,2/25/2018,2018,2,25,Q1,8,Sunday
DT00422,2/26/2018,2018,2,26,Q1,9,Monday
DT00423,2/27/2018,2018,2,27,Q1,9,Tuesday
DT00424,2/28/2018,2018,2,28,Q1,9,Wednesday
DT00425,3/1/2018,2018,3,1,Q1,9,Thursday
DT00426,3/2/2018,2018,3,2,Q1,9,Friday
DT00427,3/3/2018,2018,3,3,Q1,9,Saturday
DT00428,3/4/2018,2018,3,4,Q1,9,Sunday
DT00429,3/5/2018,2018,3,5,Q1,10,Monday
DT00430,3/6/2018,2018,3,6,Q1,10,Tuesday
DT00431,3/7/2018,2018,3,7,Q1,10,Wednesday
DT00432,3/8/2018,2018,3,8,Q1,10,Thursday
DT00433,3/9/2018,2018,3,9,Q1,10,Friday
DT00434,3/10/2018,2018,3,10,Q1,10,Saturday
DT00435,3/11/2018,2018,3,11,Q1,10,Sunday
DT00436,3/12/2018,2018,3,12,Q1,11,Monday
DT00437,3/13/2018,2018,3,13,Q1,11,Tuesday
DT00438,3/14/2018,2018,3,14,Q1,11,Wednesday
DT00439,3/15/2018,2018,3,15,Q1,11,Thursday
DT00440,3/16/2018,2018,3,16,Q1,11,Friday
DT00441,3/17/2018,2018,3,17,Q1,11,Saturday
DT00442,3/18/2018,2018,3,18,Q1,11,Sunday
DT00443,3/19/2018,2018,3,19,Q1,12,Monday
DT00444,3/20/2018,2018,3,20,Q1,12,Tuesday
DT00445,3/21/2018,2018,3,21,Q1,12,Wednesday
DT00446,3/22/2018,2018,3,22,Q1,12,Thursday
DT00447,3/23/2018,2018,3,23,Q1,12,Friday
DT00448,3/24/2018,2018,3,24,Q1,12,Saturday
DT00449,3/25/2018,2018,3,25,Q1,12,Sunday
DT00450,3/26/2018,2018,3,26,Q1,13,Monday
DT00451,3/27/2018,2018,3,27,Q1,13,Tuesday
DT00452,3/28/2018,2018,3,28,Q1,13,Wednesday
DT00453,3/29/2018,2018,3,29,Q1,13,Thursday
DT00454,3/30/2018,2018,3,30,Q1,13,Friday
DT00455,3/31/2018,2018,3,31,Q1,13,Saturday
DT00456,4/1/2018,2018,4,1,Q2,13,Sunday
DT00457,4/2/2018,2018,4,2,Q2,14,Monday
DT00458,4/3/2018,2018,4,3,Q2,14,Tuesday
DT00459,4/4/2018,2018,4,4,Q2,14,Wednesday
DT00460,4/5/2018,2018,4,5,Q2,14,Thursday
DT00461,4/6/2018,2018,4,6,Q2,14,Friday
DT00462,4/7/2018,2018,4,7,Q2,14,Saturday
DT00463,4/8/2018,2018,4,8,Q2,14,Sunday
DT00464,4/9/2018,2018,4,9,Q2,15,Monday
DT00465,4/10/2018,2018,4,10,Q2,15,Tuesday
DT00466,4/11/2018,2018,4,11,Q2,15,Wednesday
DT00467,4/12/2018,2018,4,12,Q2,15,Thursday
DT00468,4/13/2018,2018,4,13,Q2,15,Friday
DT00469,4/14/2018,2018,4,14,Q2,15,Saturday
DT00470,4/15/2018,2018,4,15,Q2,15,Sunday
DT00471,4/16/2018,2018,4,16,Q2,16,Monday
DT00472,4/17/2018,2018,4,17,Q2,16,Tuesday
DT00473,4/18/2018,2018,4,18,Q2,16,Wednesday
DT00474,4/19/2018,2018,4,19,Q2,16,Thursday
DT00475,4/20/2018,2018,4,20,Q2,16,Friday
DT00476,4/21/2018,2018,4,21,Q2,16,Saturday
DT00477,4/22/2018,2018,4,22,Q2,16,Sunday
DT00478,4/23/2018,2018,4,23,Q2,17,Monday
DT00479,4/24/2018,2018,4,24,Q2,17,Tuesday
DT00480,4/25/2018,2018,4,25,Q2,17,Wednesday
DT00481,4/26/2018,2018,4,26,Q2,17,Thursday
DT00482,4/27/2018,2018,4,27,Q2,17,Friday
DT00483,4/28/2018,2018,4,28,Q2,17,Saturday
DT00484,4/29/2018,2018,4,29,Q2,17,Sunday
DT00485,4/30/2018,2018,4,30,Q2,18,Monday
DT00486,5/1/2018,2018,5,1,Q2,18,Tuesday
DT00487,5/2/2018,2018,5,2,Q2,18,Wednesday
DT00488,5/3/2018,2018,5,3,Q2,18,Thursday
DT00489,5/4/2018,2018,5,4,Q2,18,Friday
DT00490,5/5/2018,2018,5,5,Q2,18,Saturday
DT00491,5/6/2018,2018,5,6,Q2,18,Sunday
DT00492,5/7/2018,2018,5,7,Q2,19,Monday
DT00493,5/8/2018,2018,5,8,Q2,19,Tuesday
DT00494,5/9/2018,2018,5,9,Q2,19,Wednesday
DT00495,5/10/2018,2018,5,10,Q2,19,Thursday
DT00496,5/11/2018,2018,5,11,Q2,19,Friday
DT00497,5/12/2018,2018,5,12,Q2,19,Saturday
DT00498,5/13/2018,2018,5,13,Q2,19,Sunday
DT00499,5/14/2018,2018,5,14,Q2,20,Monday
DT00500,5/15/2018,2018,5,15,Q2,20,Tuesday
DT00501,5/16/2018,2018,5,16,Q2,20,Wednesday
DT00502,5/17/2018,2018,5,17,Q2,20,Thursday
DT00503,5/18/2018,2018,5,18,Q2,20,Friday
DT00504,5/19/2018,2018,5,19,Q2,20,Saturday
DT00505,5/20/2018,2018,5,20,Q2,20,Sunday
DT00506,5/21/2018,2018,5,21,Q2,21,Monday
DT00507,5/22/2018,2018,5,22,Q2,21,Tuesday
DT00508,5/23/2018,2018,5,23,Q2,21,Wednesday
DT00509,5/24/2018,2018,5,24,Q2,21,Thursday
DT00510,5/25/2018,2018,5,25,Q2,21,Friday
DT00511,5/26/2018,2018,5,26,Q2,21,Saturday
DT00512,5/27/2018,2018,5,27,Q2,21,Sunday
DT00513,5/28/2018,2018,5,28,Q2,22,Monday
DT00514,5/29/2018,2018,5,29,Q2,22,Tuesday
DT00515,5/30/2018,2018,5,30,Q2,22,Wednesday
DT00516,5/31/2018,2018,5,31,Q2,22,Thursday
DT00517,6/1/2018,2018,6,1,Q2,22,Friday
DT00518,6/2/2018,2018,6,2,Q2,22,Saturday
DT00519,6/3/2018,2018,6,3,Q2,22,Sunday
DT00520,6/4/2018,2018,6,4,Q2,23,Monday
DT00521,6/5/2018,2018,6,5,Q2,23,Tuesday
DT00522,6/6/2018,2018,6,6,Q2,23,Wednesday
DT00523,6/7/2018,2018,6,7,Q2,23,Thursday
DT00524,6/8/2018,2018,6,8,Q2,23,Friday
DT00525,6/9/2018,2018,6,9,Q2,23,Saturday
DT00526,6/10/2018,2018,6,10,Q2,23,Sunday
DT00527,6/11/2018,2018,6,11,Q2,24,Monday
DT00528,6/12/2018,2018,6,12,Q2,24,Tuesday
DT00529,6/13/2018,2018,6,13,Q2,24,Wednesday
DT00530,6/14/2018,2018,6,14,Q2,24,Thursday
DT00531,6/15/2018,2018,6,15,Q2,24,Friday
DT00532,6/16/2018,2018,6,16,Q2,24,Saturday
DT00533,6/17/2018,2018,6,17,Q2,24,Sunday
DT00534,6/18/2018,2018,6,18,Q2,25,Monday
DT00535,6/19/2018,2018,6,19,Q2,25,Tuesday
DT00536,6/20/2018,2018,6,20,Q2,25,Wednesday
DT00537,6/21/2018,2018,6,21,Q2,25,Thursday
DT00538,6/22/2018,2018,6,22,Q2,25,Friday
DT00539,6/23/2018,2018,6,23,Q2,25,Saturday
DT00540,6/24/2018,2018,6,24,Q2,25,Sunday
DT00541,6/25/2018,2018,6,25,Q2,26,Monday
DT00542,6/26/2018,2018,6,26,Q2,26,Tuesday
DT00543,6/27/2018,2018,6,27,Q2,26,Wednesday
DT00544,6/28/2018,2018,6,28,Q2,26,Thursday
DT00545,6/29/2018,2018,6,29,Q2,26,Friday
DT00546,6/30/2018,2018,6,30,Q2,26,Saturday
DT00547,7/1/2018,2018,7,1,Q3,26,Sunday
DT00548,7/2/2018,2018,7,2,Q3,27,Monday
DT00549,7/3/2018,2018,7,3,Q3,27,Tuesday
DT00550,7/4/2018,2018,7,4,Q3,27,Wednesday
DT00551,7/5/2018,2018,7,5,Q3,27,Thursday
DT00552,7/6/2018,2018,7,6,Q3,27,Friday
DT00553,7/7/2018,2018,7,7,Q3,27,Saturday
DT00554,7/8/2018,2018,7,8,Q3,27,Sunday
DT00555,7/9/2018,2018,7,9,Q3,28,Monday
DT00556,7/10/2018,2018,7,10,Q3,28,Tuesday
DT00557,7/11/2018,2018,7,11,Q3,28,Wednesday
DT00558,7/12/2018,2018,7,12,Q3,28,Thursday
DT00559,7/13/2018,2018,7,13,Q3,28,Friday
DT00560,7/14/2018,2018,7,14,Q3,28,Saturday
DT00561,7/15/2018,2018,7,15,Q3,28,Sunday
DT00562,7/16/2018,2018,7,16,Q3,29,Monday
DT00563,7/17/2018,2018,7,17,Q3,29,Tuesday
DT00564,7/18/2018,2018,7,18,Q3,29,Wednesday
DT00565,7/19/2018,2018,7,19,Q3,29,Thursday
DT00566,7/20/2018,2018,7,20,Q3,29,Friday
DT00567,7/21/2018,2018,7,21,Q3,29,Saturday
DT00568,7/22/2018,2018,7,22,Q3,29,Sunday
DT00569,7/23/2018,2018,7,23,Q3,30,Monday
DT00570,7/24/2018,2018,7,24,Q3,30,Tuesday
DT00571,7/25/2018,2018,7,25,Q3,30,Wednesday
DT00572,7/26/2018,2018,7,26,Q3,30,Thursday
DT00573,7/27/2018,2018,7,27,Q3,30,Friday
DT00574,7/28/2018,2018,7,28,Q3,30,Saturday
DT00575,7/29/2018,2018,7,29,Q3,30,Sunday
DT00576,7/30/2018,2018,7,30,Q3,31,Monday
DT00577,7/31/2018,2018,7,31,Q3,31,Tuesday
DT00578,8/1/2018,2018,8,1,Q3,31,Wednesday
DT00579,8/2/2018,2018,8,2,Q3,31,Thursday
DT00580,8/3/2018,2018,8,3,Q3,31,Friday
DT00581,8/4/2018,2018,8,4,Q3,31,Saturday
DT00582,8/5/2018,2018,8,5,Q3,31,Sunday
DT00583,8/6/2018,2018,8,6,Q3,32,Monday
DT00584,8/7/2018,2018,8,7,Q3,32,Tuesday
DT00585,8/8/2018,2018,8,8,Q3,32,Wednesday
DT00586,8/9/2018,2018,8,9,Q3,32,Thursday
DT00587,8/10/2018,2018,8,10,Q3,32,Friday
DT00588,8/11/2018,2018,8,11,Q3,32,Saturday
DT00589,8/12/2018,2018,8,12,Q3,32,Sunday
DT00590,8/13/2018,2018,8,13,Q3,33,Monday
DT00591,8/14/2018,2018,8,14,Q3,33,Tuesday
DT00592,8/15/2018,2018,8,15,Q3,33,Wednesday
DT00593,8/16/2018,2018,8,16,Q3,33,Thursday
DT00594,8/17/2018,2018,8,17,Q3,33,Friday
DT00595,8/18/2018,2018,8,18,Q3,33,Saturday
DT00596,8/19/2018,2018,8,19,Q3,33,Sunday
DT00597,8/20/2018,2018,8,20,Q3,34,Monday
DT00598,8/21/2018,2018,8,21,Q3,34,Tuesday
DT00599,8/22/2018,2018,8,22,Q3,34,Wednesday
DT00600,8/23/2018,2018,8,23,Q3,34,Thursday
DT00601,8/24/2018,2018,8,24,Q3,34,Friday
DT00602,8/25/2018,2018,8,25,Q3,34,Saturday
DT00603,8/26/2018,2018,8,26,Q3,34,Sunday
DT00604,8/27/2018,2018,8,27,Q3,35,Monday
DT00605,8/28/2018,2018,8,28,Q3,35,Tuesday
DT00606,8/29/2018,2018,8,29,Q3,35,Wednesday
DT00607,8/30/2018,2018,8,30,Q3,35,Thursday
DT00608,8/31/2018,2018,8,31,Q3,35,Friday
DT00609,9/1/2018,2018,9,1,Q3,35,Saturday
DT00610,9/2/2018,2018,9,2,Q3,35,Sunday
DT00611,9/3/2018,2018,9,3,Q3,36,Monday
DT00612,9/4/2018,2018,9,4,Q3,36,Tuesday
DT00613,9/5/2018,2018,9,5,Q3,36,Wednesday
DT00614,9/6/2018,2018,9,6,Q3,36,Thursday
DT00615,9/7/2018,2018,9,7,Q3,36,Friday
DT00616,9/8/2018,2018,9,8,Q3,36,Saturday
DT00617,9/9/2018,2018,9,9,Q3,36,Sunday
DT00618,9/10/2018,2018,9,10,Q3,37,Monday
DT00619,9/11/2018,2018,9,11,Q3,37,Tuesday
DT00620,9/12/2018,2018,9,12,Q3,37,Wednesday
DT00621,9/13/2018,2018,9,13,Q3,37,Thursday
DT00622,9/14/2018,2018,9,14,Q3,37,Friday
DT00623,9/15/2018,2018,9,15,Q3,37,Saturday
DT00624,9/16/2018,2018,9,16,Q3,37,Sunday
DT00625,9/17/2018,2018,9,17,Q3,38,Monday
DT00626,9/18/2018,2018,9,18,Q3,38,Tuesday
DT00627,9/19/2018,2018,9,19,Q3,38,Wednesday
DT00628,9/20/2018,2018,9,20,Q3,38,Thursday
DT00629,9/21/2018,2018,9,21,Q3,38,Friday
DT00630,9/22/2018,2018,9,22,Q3,38,Saturday
DT00631,9/23/2018,2018,9,23,Q3,38,Sunday
DT00632,9/24/2018,2018,9,24,Q3,39,Monday
DT00633,9/25/2018,2018,9,25,Q3,39,Tuesday
DT00634,9/26/2018,2018,9,26,Q3,39,Wednesday
DT00635,9/27/2018,2018,9,27,Q3,39,Thursday
DT00636,9/28/2018,2018,9,28,Q3,39,Friday
DT00637,9/29/2018,2018,9,29,Q3,39,Saturday
DT00638,9/30/2018,2018,9,30,Q3,39,Sunday
DT00639,10/1/2018,2018,10,1,Q4,40,Monday
DT00640,10/2/2018,2018,10,2,Q4,40,Tuesday
DT00641,10/3/2018,2018,10,3,Q4,40,Wednesday
DT00642,10/4/2018,2018,10,4,Q4,40,Thursday
DT00643,10/5/2018,2018,10,5,Q4,40,Friday
DT00644,10/6/2018,2018,10,6,Q4,40,Saturday
DT00645,10/7/2018,2018,10,7,Q4,40,Sunday
DT00646,10/8/2018,2018,10,8,Q4,41,Monday
DT00647,10/9/2018,2018,10,9,Q4,41,Tuesday
DT00648,10/10/2018,2018,10,10,Q4,41,Wednesday
DT00649,10/11/2018,2018,10,11,Q4,41,Thursday
DT00650,10/12/2018,2018,10,12,Q4,41,Friday
DT00651,10/13/2018,2018,10,13,Q4,41,Saturday
DT00652,10/14/2018,2018,10,14,Q4,41,Sunday
DT00653,10/15/2018,2018,10,15,Q4,42,Monday
DT00654,10/16/2018,2018,10,16,Q4,42,Tuesday
DT00655,10/17/2018,2018,10,17,Q4,42,Wednesday
DT00656,10/18/2018,2018,10,18,Q4,42,Thursday
DT00657,10/19/2018,2018,10,19,Q4,42,Friday
DT00658,10/20/2018,2018,10,20,Q4,42,Saturday
DT00659,10/21/2018,2018,10,21,Q4,42,Sunday
DT00660,10/22/2018,2018,10,22,Q4,43,Monday
DT00661,10/23/2018,2018,10,23,Q4,43,Tuesday
DT00662,10/24/2018,2018,10,24,Q4,43,Wednesday
DT00663,10/25/2018,2018,10,25,Q4,43,Thursday
DT00664,10/26/2018,2018,10,26,Q4,43,Friday
DT00665,10/27/2018,2018,10,27,Q4,43,Saturday
DT00666,10/28/2018,2018,10,28,Q4,43,Sunday
DT00667,10/29/2018,2018,10,29,Q4,44,Monday
DT00668,10/30/2018,2018,10,30,Q4,44,Tuesday
DT00669,10/31/2018,2018,10,31,Q4,44,Wednesday
DT00670,11/1/2018,2018,11,1,Q4,44,Thursday
DT00671,11/2/2018,2018,11,2,Q4,44,Friday
DT00672,11/3/2018,2018,11,3,Q4,44,Saturday
DT00673,11/4/2018,2018,11,4,Q4,44,Sunday
DT00674,11/5/2018,2018,11,5,Q4,45,Monday
DT00675,11/6/2018,2018,11,6,Q4,45,Tuesday
DT00676,11/7/2018,2018,11,7,Q4,45,Wednesday
DT00677,11/8/2018,2018,11,8,Q4,45,Thursday
DT00678,11/9/2018,2018,11,9,Q4,45,Friday
DT00679,11/10/2018,2018,11,10,Q4,45,Saturday
DT00680,11/11/2018,2018,11,11,Q4,45,Sunday
DT00681,11/12/2018,2018,11,12,Q4,46,Monday
DT00682,11/13/2018,2018,11,13,Q4,46,Tuesday
DT00683,11/14/2018,2018,11,14,Q4,46,Wednesday
DT00684,11/15/2018,2018,11,15,Q4,46,Thursday
DT00685,11/16/2018,2018,11,16,Q4,46,Friday
DT00686,11/17/2018,2018,11,17,Q4,46,Saturday
DT00687,11/18/2018,2018,11,18,Q4,46,Sunday
DT00688,11/19/2018,2018,11,19,Q4,47,Monday
DT00689,11/20/2018,2018,11,20,Q4,47,Tuesday
DT00690,11/21/2018,2018,11,21,Q4,47,Wednesday
DT00691,11/22/2018,2018,11,22,Q4,47,Thursday
DT00692,11/23/2018,2018,11,23,Q4,47,Friday
DT00693,11/24/2018,2018,11,24,Q4,47,Saturday
DT00694,11/25/2018,2018,11,25,Q4,47,Sunday
DT00695,11/26/2018,2018,11,26,Q4,48,Monday
DT00696,11/27/2018,2018,11,27,Q4,48,Tuesday
DT00697,11/28/2018,2018,11,28,Q4,48,Wednesday
DT00698,11/29/2018,2018,11,29,Q4,48,Thursday
DT00699,11/30/2018,2018,11,30,Q4,48,Friday
DT00700,12/1/2018,2018,12,1,Q4,48,Saturday
DT00701,12/2/2018,2018,12,2,Q4,48,Sunday
DT00702,12/3/2018,2018,12,3,Q4,49,Monday
DT00703,12/4/2018,2018,12,4,Q4,49,Tuesday
DT00704,12/5/2018,2018,12,5,Q4,49,Wednesday
DT00705,12/6/2018,2018,12,6,Q4,49,Thursday
DT00706,12/7/2018,2018,12,7,Q4,49,Friday
DT00707,12/8/2018,2018,12,8,Q4,49,Saturday
DT00708,12/9/2018,2018,12,9,Q4,49,Sunday
DT00709,12/10/2018,2018,12,10,Q4,50,Monday
DT00710,12/11/2018,2018,12,11,Q4,50,Tuesday
DT00711,12/12/2018,2018,12,12,Q4,50,Wednesday
DT00712,12/13/2018,2018,12,13,Q4,50,Thursday
DT00713,12/14/2018,2018,12,14,Q4,50,Friday
DT00714,12/15/2018,2018,12,15,Q4,50,Saturday
DT00715,12/16/2018,2018,12,16,Q4,50,Sunday
DT00716,12/17/2018,2018,12,17,Q4,51,Monday
DT00717,12/18/2018,2018,12,18,Q4,51,Tuesday
DT00718,12/19/2018,2018,12,19,Q4,51,Wednesday
DT00719,12/20/2018,2018,12,20,Q4,51,Thursday
DT00720,12/21/2018,2018,12,21,Q4,51,Friday
DT00721,12/22/2018,2018,12,22,Q4,51,Saturday
DT00722,12/23/2018,2018,12,23,Q4,51,Sunday
DT00723,12/24/2018,2018,12,24,Q4,52,Monday
DT00724,12/25/2018,2018,12,25,Q4,52,Tuesday
DT00725,12/26/2018,2018,12,26,Q4,52,Wednesday
DT00726,12/27/2018,2018,12,27,Q4,52,Thursday
DT00727,12/28/2018,2018,12,28,Q4,52,Friday
DT00728,12/29/2018,2018,12,29,Q4,52,Saturday
DT00729,12/30/2018,2018,12,30,Q4,52,Sunday
DT00730,12/31/2018,2018,12,31,Q4,53,Monday
DT00731,1/1/2019,2019,1,1,Q1,1,Tuesday
DT00732,1/2/2019,2019,1,2,Q1,1,Wednesday
DT00733,1/3/2019,2019,1,3,Q1,1,Thursday
DT00734,1/4/2019,2019,1,4,Q1,1,Friday
DT00735,1/5/2019,2019,1,5,Q1,1,Saturday
DT00736,1/6/2019,2019,1,6,Q1,1,Sunday
DT00737,1/7/2019,2019,1,7,Q1,2,Monday
DT00738,1/8/2019,2019,1,8,Q1,2,Tuesday
DT00739,1/9/2019,2019,1,9,Q1,2,Wednesday
DT00740,1/10/2019,2019,1,10,Q1,2,Thursday
DT00741,1/11/2019,2019,1,11,Q1,2,Friday
DT00742,1/12/2019,2019,1,12,Q1,2,Saturday
DT00743,1/13/2019,2019,1,13,Q1,2,Sunday
DT00744,1/14/2019,2019,1,14,Q1,3,Monday
DT00745,1/15/2019,2019,1,15,Q1,3,Tuesday
DT00746,1/16/2019,2019,1,16,Q1,3,Wednesday
DT00747,1/17/2019,2019,1,17,Q1,3,Thursday
DT00748,1/18/2019,2019,1,18,Q1,3,Friday
DT00749,1/19/2019,2019,1,19,Q1,3,Saturday
DT00750,1/20/2019,2019,1,20,Q1,3,Sunday
DT00751,1/21/2019,2019,1,21,Q1,4,Monday
DT00752,1/22/2019,2019,1,22,Q1,4,Tuesday
DT00753,1/23/2019,2019,1,23,Q1,4,Wednesday
DT00754,1/24/2019,2019,1,24,Q1,4,Thursday
DT00755,1/25/2019,2019,1,25,Q1,4,Friday
DT00756,1/26/2019,2019,1,26,Q1,4,Saturday
DT00757,1/27/2019,2019,1,27,Q1,4,Sunday
DT00758,1/28/2019,2019,1,28,Q1,5,Monday
DT00759,1/29/2019,2019,1,29,Q1,5,Tuesday
DT00760,1/30/2019,2019,1,30,Q1,5,Wednesday
DT00761,1/31/2019,2019,1,31,Q1,5,Thursday
DT00762,2/1/2019,2019,2,1,Q1,5,Friday
DT00763,2/2/2019,2019,2,2,Q1,5,Saturday
DT00764,2/3/2019,2019,2,3,Q1,5,Sunday
DT00765,2/4/2019,2019,2,4,Q1,6,Monday
DT00766,2/5/2019,2019,2,5,Q1,6,Tuesday
DT00767,2/6/2019,2019,2,6,Q1,6,Wednesday
DT00768,2/7/2019,2019,2,7,Q1,6,Thursday
DT00769,2/8/2019,2019,2,8,Q1,6,Friday
DT00770,2/9/2019,2019,2,9,Q1,6,Saturday
DT00771,2/10/2019,2019,2,10,Q1,6,Sunday
DT00772,2/11/2019,2019,2,11,Q1,7,Monday
DT00773,2/12/2019,2019,2,12,Q1,7,Tuesday
DT00774,2/13/2019,2019,2,13,Q1,7,Wednesday
DT00775,2/14/2019,2019,2,14,Q1,7,Thursday
DT00776,2/15/2019,2019,2,15,Q1,7,Friday
DT00777,2/16/2019,2019,2,16,Q1,7,Saturday
DT00778,2/17/2019,2019,2,17,Q1,7,Sunday
DT00779,2/18/2019,2019,2,18,Q1,8,Monday
DT00780,2/19/2019,2019,2,19,Q1,8,Tuesday
DT00781,2/20/2019,2019,2,20,Q1,8,Wednesday
DT00782,2/21/2019,2019,2,21,Q1,8,Thursday
DT00783,2/22/2019,2019,2,22,Q1,8,Friday
DT00784,2/23/2019,2019,2,23,Q1,8,Saturday
DT00785,2/24/2019,2019,2,24,Q1,8,Sunday
DT00786,2/25/2019,2019,2,25,Q1,9,Monday
DT00787,2/26/2019,2019,2,26,Q1,9,Tuesday
DT00788,2/27/2019,2019,2,27,Q1,9,Wednesday
DT00789,2/28/2019,2019,2,28,Q1,9,Thursday
DT00790,3/1/2019,2019,3,1,Q1,9,Friday
DT00791,3/2/2019,2019,3,2,Q1,9,Saturday
DT00792,3/3/2019,2019,3,3,Q1,9,Sunday
DT00793,3/4/2019,2019,3,4,Q1,10,Monday
DT00794,3/5/2019,2019,3,5,Q1,10,Tuesday
DT00795,3/6/2019,2019,3,6,Q1,10,Wednesday
DT00796,3/7/2019,2019,3,7,Q1,10,Thursday
DT00797,3/8/2019,2019,3,8,Q1,10,Friday
DT00798,3/9/2019,2019,3,9,Q1,10,Saturday
DT00799,3/10/2019,2019,3,10,Q1,10,Sunday
DT00800,3/11/2019,2019,3,11,Q1,11,Monday
DT00801,3/12/2019,2019,3,12,Q1,11,Tuesday
DT00802,3/13/2019,2019,3,13,Q1,11,Wednesday
DT00803,3/14/2019,2019,3,14,Q1,11,Thursday
DT00804,3/15/2019,2019,3,15,Q1,11,Friday
DT00805,3/16/2019,2019,3,16,Q1,11,Saturday
DT00806,3/17/2019,2019,3,17,Q1,11,Sunday
DT00807,3/18/2019,2019,3,18,Q1,12,Monday
DT00808,3/19/2019,2019,3,19,Q1,12,Tuesday
DT00809,3/20/2019,2019,3,20,Q1,12,Wednesday
DT00810,3/21/2019,2019,3,21,Q1,12,Thursday
DT00811,3/22/2019,2019,3,22,Q1,12,Friday
DT00812,3/23/2019,2019,3,23,Q1,12,Saturday
DT00813,3/24/2019,2019,3,24,Q1,12,Sunday
DT00814,3/25/2019,2019,3,25,Q1,13,Monday
DT00815,3/26/2019,2019,3,26,Q1,13,Tuesday
DT00816,3/27/2019,2019,3,27,Q1,13,Wednesday
DT00817,3/28/2019,2019,3,28,Q1,13,Thursday
DT00818,3/29/2019,2019,3,29,Q1,13,Friday
DT00819,3/30/2019,2019,3,30,Q1,13,Saturday
DT00820,3/31/2019,2019,3,31,Q1,13,Sunday
DT00821,4/1/2019,2019,4,1,Q2,14,Monday
DT00822,4/2/2019,2019,4,2,Q2,14,Tuesday
DT00823,4/3/2019,2019,4,3,Q2,14,Wednesday
DT00824,4/4/2019,2019,4,4,Q2,14,Thursday
DT00825,4/5/2019,2019,4,5,Q2,14,Friday
DT00826,4/6/2019,2019,4,6,Q2,14,Saturday
DT00827,4/7/2019,2019,4,7,Q2,14,Sunday
DT00828,4/8/2019,2019,4,8,Q2,15,Monday
DT00829,4/9/2019,2019,4,9,Q2,15,Tuesday
DT00830,4/10/2019,2019,4,10,Q2,15,Wednesday
DT00831,4/11/2019,2019,4,11,Q2,15,Thursday
DT00832,4/12/2019,2019,4,12,Q2,15,Friday
DT00833,4/13/2019,2019,4,13,Q2,15,Saturday
DT00834,4/14/2019,2019,4,14,Q2,15,Sunday
DT00835,4/15/2019,2019,4,15,Q2,16,Monday
DT00836,4/16/2019,2019,4,16,Q2,16,Tuesday
DT00837,4/17/2019,2019,4,17,Q2,16,Wednesday
DT00838,4/18/2019,2019,4,18,Q2,16,Thursday
DT00839,4/19/2019,2019,4,19,Q2,16,Friday
DT00840,4/20/2019,2019,4,20,Q2,16,Saturday
DT00841,4/21/2019,2019,4,21,Q2,16,Sunday
DT00842,4/22/2019,2019,4,22,Q2,17,Monday
DT00843,4/23/2019,2019,4,23,Q2,17,Tuesday
DT00844,4/24/2019,2019,4,24,Q2,17,Wednesday
DT00845,4/25/2019,2019,4,25,Q2,17,Thursday
DT00846,4/26/2019,2019,4,26,Q2,17,Friday
DT00847,4/27/2019,2019,4,27,Q2,17,Saturday
DT00848,4/28/2019,2019,4,28,Q2,17,Sunday
DT00849,4/29/2019,2019,4,29,Q2,18,Monday
DT00850,4/30/2019,2019,4,30,Q2,18,Tuesday
DT00851,5/1/2019,2019,5,1,Q2,18,Wednesday
DT00852,5/2/2019,2019,5,2,Q2,18,Thursday
DT00853,5/3/2019,2019,5,3,Q2,18,Friday
DT00854,5/4/2019,2019,5,4,Q2,18,Saturday
DT00855,5/5/2019,2019,5,5,Q2,18,Sunday
DT00856,5/6/2019,2019,5,6,Q2,19,Monday
DT00857,5/7/2019,2019,5,7,Q2,19,Tuesday
DT00858,5/8/2019,2019,5,8,Q2,19,Wednesday
DT00859,5/9/2019,2019,5,9,Q2,19,Thursday
DT00860,5/10/2019,2019,5,10,Q2,19,Friday
DT00861,5/11/2019,2019,5,11,Q2,19,Saturday
DT00862,5/12/2019,2019,5,12,Q2,19,Sunday
DT00863,5/13/2019,2019,5,13,Q2,20,Monday
DT00864,5/14/2019,2019,5,14,Q2,20,Tuesday
DT00865,5/15/2019,2019,5,15,Q2,20,Wednesday
DT00866,5/16/2019,2019,5,16,Q2,20,Thursday
DT00867,5/17/2019,2019,5,17,Q2,20,Friday
DT00868,5/18/2019,2019,5,18,Q2,20,Saturday
DT00869,5/19/2019,2019,5,19,Q2,20,Sunday
DT00870,5/20/2019,2019,5,20,Q2,21,Monday
DT00871,5/21/2019,2019,5,21,Q2,21,Tuesday
DT00872,5/22/2019,2019,5,22,Q2,21,Wednesday
DT00873,5/23/2019,2019,5,23,Q2,21,Thursday
DT00874,5/24/2019,2019,5,24,Q2,21,Friday
DT00875,5/25/2019,2019,5,25,Q2,21,Saturday
DT00876,5/26/2019,2019,5,26,Q2,21,Sunday
DT00877,5/27/2019,2019,5,27,Q2,22,Monday
DT00878,5/28/2019,2019,5,28,Q2,22,Tuesday
DT00879,5/29/2019,2019,5,29,Q2,22,Wednesday
DT00880,5/30/2019,2019,5,30,Q2,22,Thursday
DT00881,5/31/2019,2019,5,31,Q2,22,Friday
DT00882,6/1/2019,2019,6,1,Q2,22,Saturday
DT00883,6/2/2019,2019,6,2,Q2,22,Sunday
DT00884,6/3/2019,2019,6,3,Q2,23,Monday
DT00885,6/4/2019,2019,6,4,Q2,23,Tuesday
DT00886,6/5/2019,2019,6,5,Q2,23,Wednesday
DT00887,6/6/2019,2019,6,6,Q2,23,Thursday
DT00888,6/7/2019,2019,6,7,Q2,23,Friday
DT00889,6/8/2019,2019,6,8,Q2,23,Saturday
DT00890,6/9/2019,2019,6,9,Q2,23,Sunday
DT00891,6/10/2019,2019,6,10,Q2,24,Monday
DT00892,6/11/2019,2019,6,11,Q2,24,Tuesday
DT00893,6/12/2019,2019,6,12,Q2,24,Wednesday
DT00894,6/13/2019,2019,6,13,Q2,24,Thursday
DT00895,6/14/2019,2019,6,14,Q2,24,Friday
DT00896,6/15/2019,2019,6,15,Q2,24,Saturday
DT00897,6/16/2019,2019,6,16,Q2,24,Sunday
DT00898,6/17/2019,2019,6,17,Q2,25,Monday
DT00899,6/18/2019,2019,6,18,Q2,25,Tuesday
DT00900,6/19/2019,2019,6,19,Q2,25,Wednesday
DT00901,6/20/2019,2019,6,20,Q2,25,Thursday
DT00902,6/21/2019,2019,6,21,Q2,25,Friday
DT00903,6/22/2019,2019,6,22,Q2,25,Saturday
DT00904,6/23/2019,2019,6,23,Q2,25,Sunday
DT00905,6/24/2019,2019,6,24,Q2,26,Monday
DT00906,6/25/2019,2019,6,25,Q2,26,Tuesday
DT00907,6/26/2019,2019,6,26,Q2,26,Wednesday
DT00908,6/27/2019,2019,6,27,Q2,26,Thursday
DT00909,6/28/2019,2019,6,28,Q2,26,Friday
DT00910,6/29/2019,2019,6,29,Q2,26,Saturday
DT00911,6/30/2019,2019,6,30,Q2,26,Sunday
DT00912,7/1/2019,2019,7,1,Q3,27,Monday
DT00913,7/2/2019,2019,7,2,Q3,27,Tuesday
DT00914,7/3/2019,2019,7,3,Q3,27,Wednesday
DT00915,7/4/2019,2019,7,4,Q3,27,Thursday
DT00916,7/5/2019,2019,7,5,Q3,27,Friday
DT00917,7/6/2019,2019,7,6,Q3,27,Saturday
DT00918,7/7/2019,2019,7,7,Q3,27,Sunday
DT00919,7/8/2019,2019,7,8,Q3,28,Monday
DT00920,7/9/2019,2019,7,9,Q3,28,Tuesday
DT00921,7/10/2019,2019,7,10,Q3,28,Wednesday
DT00922,7/11/2019,2019,7,11,Q3,28,Thursday
DT00923,7/12/2019,2019,7,12,Q3,28,Friday
DT00924,7/13/2019,2019,7,13,Q3,28,Saturday
DT00925,7/14/2019,2019,7,14,Q3,28,Sunday
DT00926,7/15/2019,2019,7,15,Q3,29,Monday
DT00927,7/16/2019,2019,7,16,Q3,29,Tuesday
DT00928,7/17/2019,2019,7,17,Q3,29,Wednesday
DT00929,7/18/2019,2019,7,18,Q3,29,Thursday
DT00930,7/19/2019,2019,7,19,Q3,29,Friday
DT00931,7/20/2019,2019,7,20,Q3,29,Saturday
DT00932,7/21/2019,2019,7,21,Q3,29,Sunday
DT00933,7/22/2019,2019,7,22,Q3,30,Monday
DT00934,7/23/2019,2019,7,23,Q3,30,Tuesday
DT00935,7/24/2019,2019,7,24,Q3,30,Wednesday
DT00936,7/25/2019,2019,7,25,Q3,30,Thursday
DT00937,7/26/2019,2019,7,26,Q3,30,Friday
DT00938,7/27/2019,2019,7,27,Q3,30,Saturday
DT00939,7/28/2019,2019,7,28,Q3,30,Sunday
DT00940,7/29/2019,2019,7,29,Q3,31,Monday
DT00941,7/30/2019,2019,7,30,Q3,31,Tuesday
DT00942,7/31/2019,2019,7,31,Q3,31,Wednesday
DT00943,8/1/2019,2019,8,1,Q3,31,Thursday
DT00944,8/2/2019,2019,8,2,Q3,31,Friday
DT00945,8/3/2019,2019,8,3,Q3,31,Saturday
DT00946,8/4/2019,2019,8,4,Q3,31,Sunday
DT00947,8/5/2019,2019,8,5,Q3,32,Monday
DT00948,8/6/2019,2019,8,6,Q3,32,Tuesday
DT00949,8/7/2019,2019,8,7,Q3,32,Wednesday
DT00950,8/8/2019,2019,8,8,Q3,32,Thursday
DT00951,8/9/2019,2019,8,9,Q3,32,Friday
DT00952,8/10/2019,2019,8,10,Q3,32,Saturday
DT00953,8/11/2019,2019,8,11,Q3,32,Sunday
DT00954,8/12/2019,2019,8,12,Q3,33,Monday
DT00955,8/13/2019,2019,8,13,Q3,33,Tuesday
DT00956,8/14/2019,2019,8,14,Q3,33,Wednesday
DT00957,8/15/2019,2019,8,15,Q3,33,Thursday
DT00958,8/16/2019,2019,8,16,Q3,33,Friday
DT00959,8/17/2019,2019,8,17,Q3,33,Saturday
DT00960,8/18/2019,2019,8,18,Q3,33,Sunday
DT00961,8/19/2019,2019,8,19,Q3,34,Monday
DT00962,8/20/2019,2019,8,20,Q3,34,Tuesday
DT00963,8/21/2019,2019,8,21,Q3,34,Wednesday
DT00964,8/22/2019,2019,8,22,Q3,34,Thursday
DT00965,8/23/2019,2019,8,23,Q3,34,Friday
DT00966,8/24/2019,2019,8,24,Q3,34,Saturday
DT00967,8/25/2019,2019,8,25,Q3,34,Sunday
DT00968,8/26/2019,2019,8,26,Q3,35,Monday
DT00969,8/27/2019,2019,8,27,Q3,35,Tuesday
DT00970,8/28/2019,2019,8,28,Q3,35,Wednesday
DT00971,8/29/2019,2019,8,29,Q3,35,Thursday
DT00972,8/30/2019,2019,8,30,Q3,35,Friday
DT00973,8/31/2019,2019,8,31,Q3,35,Saturday
DT00974,9/1/2019,2019,9,1,Q3,35,Sunday
DT00975,9/2/2019,2019,9,2,Q3,36,Monday
DT00976,9/3/2019,2019,9,3,Q3,36,Tuesday
DT00977,9/4/2019,2019,9,4,Q3,36,Wednesday
DT00978,9/5/2019,2019,9,5,Q3,36,Thursday
DT00979,9/6/2019,2019,9,6,Q3,36,Friday
DT00980,9/7/2019,2019,9,7,Q3,36,Saturday
DT00981,9/8/2019,2019,9,8,Q3,36,Sunday
DT00982,9/9/2019,2019,9,9,Q3,37,Monday
DT00983,9/10/2019,2019,9,10,Q3,37,Tuesday
DT00984,9/11/2019,2019,9,11,Q3,37,Wednesday
DT00985,9/12/2019,2019,9,12,Q3,37,Thursday
DT00986,9/13/2019,2019,9,13,Q3,37,Friday
DT00987,9/14/2019,2019,9,14,Q3,37,Saturday
DT00988,9/15/2019,2019,9,15,Q3,37,Sunday
DT00989,9/16/2019,2019,9,16,Q3,38,Monday
DT00990,9/17/2019,2019,9,17,Q3,38,Tuesday
DT00991,9/18/2019,2019,9,18,Q3,38,Wednesday
DT00992,9/19/2019,2019,9,19,Q3,38,Thursday
DT00993,9/20/2019,2019,9,20,Q3,38,Friday
DT00994,9/21/2019,2019,9,21,Q3,38,Saturday
DT00995,9/22/2019,2019,9,22,Q3,38,Sunday
DT00996,9/23/2019,2019,9,23,Q3,39,Monday
DT00997,9/24/2019,2019,9,24,Q3,39,Tuesday
DT00998,9/25/2019,2019,9,25,Q3,39,Wednesday
DT00999,9/26/2019,2019,9,26,Q3,39,Thursday
DT01000,9/27/2019,2019,9,27,Q3,39,Friday
DT01001,9/28/2019,2019,9,28,Q3,39,Saturday
DT01002,9/29/2019,2019,9,29,Q3,39,Sunday
DT01003,9/30/2019,2019,9,30,Q3,40,Monday
DT01004,10/1/2019,2019,10,1,Q4,40,Tuesday
DT01005,10/2/2019,2019,10,2,Q4,40,Wednesday
DT01006,10/3/2019,2019,10,3,Q4,40,Thursday
DT01007,10/4/2019,2019,10,4,Q4,40,Friday
DT01008,10/5/2019,2019,10,5,Q4,40,Saturday
DT01009,10/6/2019,2019,10,6,Q4,40,Sunday
DT01010,10/7/2019,2019,10,7,Q4,41,Monday
DT01011,10/8/2019,2019,10,8,Q4,41,Tuesday
DT01012,10/9/2019,2019,10,9,Q4,41,Wednesday
DT01013,10/10/2019,2019,10,10,Q4,41,Thursday
DT01014,10/11/2019,2019,10,11,Q4,41,Friday
DT01015,10/12/2019,2019,10,12,Q4,41,Saturday
DT01016,10/13/2019,2019,10,13,Q4,41,Sunday
DT01017,10/14/2019,2019,10,14,Q4,42,Monday
DT01018,10/15/2019,2019,10,15,Q4,42,Tuesday
DT01019,10/16/2019,2019,10,16,Q4,42,Wednesday
DT01020,10/17/2019,2019,10,17,Q4,42,Thursday
DT01021,10/18/2019,2019,10,18,Q4,42,Friday
DT01022,10/19/2019,2019,10,19,Q4,42,Saturday
DT01023,10/20/2019,2019,10,20,Q4,42,Sunday
DT01024,10/21/2019,2019,10,21,Q4,43,Monday
DT01025,10/22/2019,2019,10,22,Q4,43,Tuesday
DT01026,10/23/2019,2019,10,23,Q4,43,Wednesday
DT01027,10/24/2019,2019,10,24,Q4,43,Thursday
DT01028,10/25/2019,2019,10,25,Q4,43,Friday
DT01029,10/26/2019,2019,10,26,Q4,43,Saturday
DT01030,10/27/2019,2019,10,27,Q4,43,Sunday
DT01031,10/28/2019,2019,10,28,Q4,44,Monday
DT01032,10/29/2019,2019,10,29,Q4,44,Tuesday
DT01033,10/30/2019,2019,10,30,Q4,44,Wednesday
DT01034,10/31/2019,2019,10,31,Q4,44,Thursday
DT01035,11/1/2019,2019,11,1,Q4,44,Friday
DT01036,11/2/2019,2019,11,2,Q4,44,Saturday
DT01037,11/3/2019,2019,11,3,Q4,44,Sunday
DT01038,11/4/2019,2019,11,4,Q4,45,Monday
DT01039,11/5/2019,2019,11,5,Q4,45,Tuesday
DT01040,11/6/2019,2019,11,6,Q4,45,Wednesday
DT01041,11/7/2019,2019,11,7,Q4,45,Thursday
DT01042,11/8/2019,2019,11,8,Q4,45,Friday
DT01043,11/9/2019,2019,11,9,Q4,45,Saturday
DT01044,11/10/2019,2019,11,10,Q4,45,Sunday
DT01045,11/11/2019,2019,11,11,Q4,46,Monday
DT01046,11/12/2019,2019,11,12,Q4,46,Tuesday
DT01047,11/13/2019,2019,11,13,Q4,46,Wednesday
DT01048,11/14/2019,2019,11,14,Q4,46,Thursday
DT01049,11/15/2019,2019,11,15,Q4,46,Friday
DT01050,11/16/2019,2019,11,16,Q4,46,Saturday
DT01051,11/17/2019,2019,11,17,Q4,46,Sunday
DT01052,11/18/2019,2019,11,18,Q4,47,Monday
DT01053,11/19/2019,2019,11,19,Q4,47,Tuesday
DT01054,11/20/2019,2019,11,20,Q4,47,Wednesday
DT01055,11/21/2019,2019,11,21,Q4,47,Thursday
DT01056,11/22/2019,2019,11,22,Q4,47,Friday
DT01057,11/23/2019,2019,11,23,Q4,47,Saturday
DT01058,11/24/2019,2019,11,24,Q4,47,Sunday
DT01059,11/25/2019,2019,11,25,Q4,48,Monday
DT01060,11/26/2019,2019,11,26,Q4,48,Tuesday
DT01061,11/27/2019,2019,11,27,Q4,48,Wednesday
DT01062,11/28/2019,2019,11,28,Q4,48,Thursday
DT01063,11/29/2019,2019,11,29,Q4,48,Friday
DT01064,11/30/2019,2019,11,30,Q4,48,Saturday
DT01065,12/1/2019,2019,12,1,Q4,48,Sunday
DT01066,12/2/2019,2019,12,2,Q4,49,Monday
DT01067,12/3/2019,2019,12,3,Q4,49,Tuesday
DT01068,12/4/2019,2019,12,4,Q4,49,Wednesday
DT01069,12/5/2019,2019,12,5,Q4,49,Thursday
DT01070,12/6/2019,2019,12,6,Q4,49,Friday
DT01071,12/7/2019,2019,12,7,Q4,49,Saturday
DT01072,12/8/2019,2019,12,8,Q4,49,Sunday
DT01073,12/9/2019,2019,12,9,Q4,50,Monday
DT01074,12/10/2019,2019,12,10,Q4,50,Tuesday
DT01075,12/11/2019,2019,12,11,Q4,50,Wednesday
DT01076,12/12/2019,2019,12,12,Q4,50,Thursday
DT01077,12/13/2019,2019,12,13,Q4,50,Friday
DT01078,12/14/2019,2019,12,14,Q4,50,Saturday
DT01079,12/15/2019,2019,12,15,Q4,50,Sunday
DT01080,12/16/2019,2019,12,16,Q4,51,Monday
DT01081,12/17/2019,2019,12,17,Q4,51,Tuesday
DT01082,12/18/2019,2019,12,18,Q4,51,Wednesday
DT01083,12/19/2019,2019,12,19,Q4,51,Thursday
DT01084,12/20/2019,2019,12,20,Q4,51,Friday
DT01085,12/21/2019,2019,12,21,Q4,51,Saturday
DT01086,12/22/2019,2019,12,22,Q4,51,Sunday
DT01087,12/23/2019,2019,12,23,Q4,52,Monday
DT01088,12/24/2019,2019,12,24,Q4,52,Tuesday
DT01089,12/25/2019,2019,12,25,Q4,52,Wednesday
DT01090,12/26/2019,2019,12,26,Q4,52,Thursday
DT01091,12/27/2019,2019,12,27,Q4,52,Friday
DT01092,12/28/2019,2019,12,28,Q4,52,Saturday
DT01093,12/29/2019,2019,12,29,Q4,52,Sunday
DT01094,12/30/2019,2019,12,30,Q4,53,Monday
DT01095,12/31/2019,2019,12,31,Q4,53,Tuesday
DT01096,1/1/2020,2020,1,1,Q1,1,Wednesday
DT01097,1/2/2020,2020,1,2,Q1,1,Thursday
DT01098,1/3/2020,2020,1,3,Q1,1,Friday
DT01099,1/4/2020,2020,1,4,Q1,1,Saturday
DT01100,1/5/2020,2020,1,5,Q1,1,Sunday
DT01101,1/6/2020,2020,1,6,Q1,2,Monday
DT01102,1/7/2020,2020,1,7,Q1,2,Tuesday
DT01103,1/8/2020,2020,1,8,Q1,2,Wednesday
DT01104,1/9/2020,2020,1,9,Q1,2,Thursday
DT01105,1/10/2020,2020,1,10,Q1,2,Friday
DT01106,1/11/2020,2020,1,11,Q1,2,Saturday
DT01107,1/12/2020,2020,1,12,Q1,2,Sunday
DT01108,1/13/2020,2020,1,13,Q1,3,Monday
DT01109,1/14/2020,2020,1,14,Q1,3,Tuesday
DT01110,1/15/2020,2020,1,15,Q1,3,Wednesday
DT01111,1/16/2020,2020,1,16,Q1,3,Thursday
DT01112,1/17/2020,2020,1,17,Q1,3,Friday
DT01113,1/18/2020,2020,1,18,Q1,3,Saturday
DT01114,1/19/2020,2020,1,19,Q1,3,Sunday
DT01115,1/20/2020,2020,1,20,Q1,4,Monday
DT01116,1/21/2020,2020,1,21,Q1,4,Tuesday
DT01117,1/22/2020,2020,1,22,Q1,4,Wednesday
DT01118,1/23/2020,2020,1,23,Q1,4,Thursday
DT01119,1/24/2020,2020,1,24,Q1,4,Friday
DT01120,1/25/2020,2020,1,25,Q1,4,Saturday
DT01121,1/26/2020,2020,1,26,Q1,4,Sunday
DT01122,1/27/2020,2020,1,27,Q1,5,Monday
DT01123,1/28/2020,2020,1,28,Q1,5,Tuesday
DT01124,1/29/2020,2020,1,29,Q1,5,Wednesday
DT01125,1/30/2020,2020,1,30,Q1,5,Thursday
DT01126,1/31/2020,2020,1,31,Q1,5,Friday
DT01127,2/1/2020,2020,2,1,Q1,5,Saturday
DT01128,2/2/2020,2020,2,2,Q1,5,Sunday
DT01129,2/3/2020,2020,2,3,Q1,6,Monday
DT01130,2/4/2020,2020,2,4,Q1,6,Tuesday
DT01131,2/5/2020,2020,2,5,Q1,6,Wednesday
DT01132,2/6/2020,2020,2,6,Q1,6,Thursday
DT01133,2/7/2020,2020,2,7,Q1,6,Friday
DT01134,2/8/2020,2020,2,8,Q1,6,Saturday
DT01135,2/9/2020,2020,2,9,Q1,6,Sunday
DT01136,2/10/2020,2020,2,10,Q1,7,Monday
DT01137,2/11/2020,2020,2,11,Q1,7,Tuesday
DT01138,2/12/2020,2020,2,12,Q1,7,Wednesday
DT01139,2/13/2020,2020,2,13,Q1,7,Thursday
DT01140,2/14/2020,2020,2,14,Q1,7,Friday
DT01141,2/15/2020,2020,2,15,Q1,7,Saturday
DT01142,2/16/2020,2020,2,16,Q1,7,Sunday
DT01143,2/17/2020,2020,2,17,Q1,8,Monday
DT01144,2/18/2020,2020,2,18,Q1,8,Tuesday
DT01145,2/19/2020,2020,2,19,Q1,8,Wednesday
DT01146,2/20/2020,2020,2,20,Q1,8,Thursday
DT01147,2/21/2020,2020,2,21,Q1,8,Friday
DT01148,2/22/2020,2020,2,22,Q1,8,Saturday
DT01149,2/23/2020,2020,2,23,Q1,8,Sunday
DT01150,2/24/2020,2020,2,24,Q1,9,Monday
DT01151,2/25/2020,2020,2,25,Q1,9,Tuesday
DT01152,2/26/2020,2020,2,26,Q1,9,Wednesday
DT01153,2/27/2020,2020,2,27,Q1,9,Thursday
DT01154,2/28/2020,2020,2,28,Q1,9,Friday
DT01155,2/29/2020,2020,2,29,Q1,9,Saturday
DT01156,3/1/2020,2020,3,1,Q1,9,Sunday
DT01157,3/2/2020,2020,3,2,Q1,10,Monday
DT01158,3/3/2020,2020,3,3,Q1,10,Tuesday
DT01159,3/4/2020,2020,3,4,Q1,10,Wednesday
DT01160,3/5/2020,2020,3,5,Q1,10,Thursday
DT01161,3/6/2020,2020,3,6,Q1,10,Friday
DT01162,3/7/2020,2020,3,7,Q1,10,Saturday
DT01163,3/8/2020,2020,3,8,Q1,10,Sunday
DT01164,3/9/2020,2020,3,9,Q1,11,Monday
DT01165,3/10/2020,2020,3,10,Q1,11,Tuesday
DT01166,3/11/2020,2020,3,11,Q1,11,Wednesday
DT01167,3/12/2020,2020,3,12,Q1,11,Thursday
DT01168,3/13/2020,2020,3,13,Q1,11,Friday
DT01169,3/14/2020,2020,3,14,Q1,11,Saturday
DT01170,3/15/2020,2020,3,15,Q1,11,Sunday
DT01171,3/16/2020,2020,3,16,Q1,12,Monday
DT01172,3/17/2020,2020,3,17,Q1,12,Tuesday
DT01173,3/18/2020,2020,3,18,Q1,12,Wednesday
DT01174,3/19/2020,2020,3,19,Q1,12,Thursday
DT01175,3/20/2020,2020,3,20,Q1,12,Friday
DT01176,3/21/2020,2020,3,21,Q1,12,Saturday
DT01177,3/22/2020,2020,3,22,Q1,12,Sunday
DT01178,3/23/2020,2020,3,23,Q1,13,Monday
DT01179,3/24/2020,2020,3,24,Q1,13,Tuesday
DT01180,3/25/2020,2020,3,25,Q1,13,Wednesday
DT01181,3/26/2020,2020,3,26,Q1,13,Thursday
DT01182,3/27/2020,2020,3,27,Q1,13,Friday
DT01183,3/28/2020,2020,3,28,Q1,13,Saturday
DT01184,3/29/2020,2020,3,29,Q1,13,Sunday
DT01185,3/30/2020,2020,3,30,Q1,14,Monday
DT01186,3/31/2020,2020,3,31,Q1,14,Tuesday
DT01187,4/1/2020,2020,4,1,Q2,14,Wednesday
DT01188,4/2/2020,2020,4,2,Q2,14,Thursday
DT01189,4/3/2020,2020,4,3,Q2,14,Friday
DT01190,4/4/2020,2020,4,4,Q2,14,Saturday
DT01191,4/5/2020,2020,4,5,Q2,14,Sunday
DT01192,4/6/2020,2020,4,6,Q2,15,Monday
DT01193,4/7/2020,2020,4,7,Q2,15,Tuesday
DT01194,4/8/2020,2020,4,8,Q2,15,Wednesday
DT01195,4/9/2020,2020,4,9,Q2,15,Thursday
DT01196,4/10/2020,2020,4,10,Q2,15,Friday
DT01197,4/11/2020,2020,4,11,Q2,15,Saturday
DT01198,4/12/2020,2020,4,12,Q2,15,Sunday
DT01199,4/13/2020,2020,4,13,Q2,16,Monday
DT01200,4/14/2020,2020,4,14,Q2,16,Tuesday
DT01201,4/15/2020,2020,4,15,Q2,16,Wednesday
DT01202,4/16/2020,2020,4,16,Q2,16,Thursday
DT01203,4/17/2020,2020,4,17,Q2,16,Friday
DT01204,4/18/2020,2020,4,18,Q2,16,Saturday
DT01205,4/19/2020,2020,4,19,Q2,16,Sunday
DT01206,4/20/2020,2020,4,20,Q2,17,Monday
DT01207,4/21/2020,2020,4,21,Q2,17,Tuesday
DT01208,4/22/2020,2020,4,22,Q2,17,Wednesday
DT01209,4/23/2020,2020,4,23,Q2,17,Thursday
DT01210,4/24/2020,2020,4,24,Q2,17,Friday
DT01211,4/25/2020,2020,4,25,Q2,17,Saturday
DT01212,4/26/2020,2020,4,26,Q2,17,Sunday
DT01213,4/27/2020,2020,4,27,Q2,18,Monday
DT01214,4/28/2020,2020,4,28,Q2,18,Tuesday
DT01215,4/29/2020,2020,4,29,Q2,18,Wednesday
DT01216,4/30/2020,2020,4,30,Q2,18,Thursday
DT01217,5/1/2020,2020,5,1,Q2,18,Friday
DT01218,5/2/2020,2020,5,2,Q2,18,Saturday
DT01219,5/3/2020,2020,5,3,Q2,18,Sunday
DT01220,5/4/2020,2020,5,4,Q2,19,Monday
DT01221,5/5/2020,2020,5,5,Q2,19,Tuesday
DT01222,5/6/2020,2020,5,6,Q2,19,Wednesday
DT01223,5/7/2020,2020,5,7,Q2,19,Thursday
DT01224,5/8/2020,2020,5,8,Q2,19,Friday
DT01225,5/9/2020,2020,5,9,Q2,19,Saturday
DT01226,5/10/2020,2020,5,10,Q2,19,Sunday
DT01227,5/11/2020,2020,5,11,Q2,20,Monday
DT01228,5/12/2020,2020,5,12,Q2,20,Tuesday
DT01229,5/13/2020,2020,5,13,Q2,20,Wednesday
DT01230,5/14/2020,2020,5,14,Q2,20,Thursday
DT01231,5/15/2020,2020,5,15,Q2,20,Friday
DT01232,5/16/2020,2020,5,16,Q2,20,Saturday
DT01233,5/17/2020,2020,5,17,Q2,20,Sunday
DT01234,5/18/2020,2020,5,18,Q2,21,Monday
DT01235,5/19/2020,2020,5,19,Q2,21,Tuesday
DT01236,5/20/2020,2020,5,20,Q2,21,Wednesday
DT01237,5/21/2020,2020,5,21,Q2,21,Thursday
DT01238,5/22/2020,2020,5,22,Q2,21,Friday
DT01239,5/23/2020,2020,5,23,Q2,21,Saturday
DT01240,5/24/2020,2020,5,24,Q2,21,Sunday
DT01241,5/25/2020,2020,5,25,Q2,22,Monday
DT01242,5/26/2020,2020,5,26,Q2,22,Tuesday
DT01243,5/27/2020,2020,5,27,Q2,22,Wednesday
DT01244,5/28/2020,2020,5,28,Q2,22,Thursday
DT01245,5/29/2020,2020,5,29,Q2,22,Friday
DT01246,5/30/2020,2020,5,30,Q2,22,Saturday
DT01247,5/31/2020,2020,5,31,Q2,22,Sunday
